iter	Logloss
0	0.6739077441
1	0.6693461146
