iter	Logloss
0	0.6908928636
1	0.6907121295
